{
  "timestamp": "2025-12-07T04:42:49.998Z",
  "users": [
    {
      "user_id": "6245574035",
      "username": "PERMANENT_OFF_THEGAMERADEPT",
      "first_name": "𝗧𝗛𝗘𝗚𝗔𝗠𝗘𝗥𝗔𝗗𝗘𝗣𝗧🫀🜲ᴀ×ᴡ 𓆩🖤𓆪",
      "berries": 57502,
      "gems": 0,
      "crimson": 0,
      "daily_streak": 0,
      "weekly_streak": 0,
      "last_daily_claim": null,
      "last_weekly_claim": null,
      "last_claim_date": null,
      "favorite_waifu_id": null,
      "harem_filter_rarity": null,
      "created_at": "2025-12-07T04:33:07.827Z"
    }
  ],
  "waifus": [],
  "harem": [],
  "roles": []
}