{
  "timestamp": "2025-12-07T05:06:10.901Z",
  "users": [
    {
      "user_id": "6245574035",
      "username": "PERMANENT_OFF_THEGAMERADEPT",
      "first_name": "𝗧𝗛𝗘𝗚𝗔𝗠𝗘𝗥𝗔𝗗𝗘𝗣𝗧🫀🜲ᴀ×ᴡ 𓆩🖤𓆪",
      "berries": 57502,
      "gems": 0,
      "crimson": 0,
      "daily_streak": 0,
      "weekly_streak": 0,
      "last_daily_claim": null,
      "last_weekly_claim": null,
      "last_claim_date": null,
      "favorite_waifu_id": null,
      "harem_filter_rarity": null,
      "created_at": "2025-12-07T04:33:07.827Z"
    },
    {
      "user_id": "8215101040",
      "username": "NOBITAxGAMER",
      "first_name": "𝗡𝗢𝗕𝗜𝗧𝗔 𝗛𝗘𝗥𝗘 💥",
      "berries": 54509,
      "gems": 0,
      "crimson": 0,
      "daily_streak": 0,
      "weekly_streak": 0,
      "last_daily_claim": null,
      "last_weekly_claim": null,
      "last_claim_date": null,
      "favorite_waifu_id": null,
      "harem_filter_rarity": null,
      "created_at": "2025-12-07T04:47:52.145Z"
    }
  ],
  "waifus": [],
  "harem": [],
  "roles": []
}