{
  "user_id": 6245574035,
  "username": "PERMANENT_OFF_THEGAMERADEPT",
  "first_name": "𝗧𝗛𝗘𝗚𝗔𝗠𝗘𝗥𝗔𝗗𝗘𝗣𝗧🫀🜲ᴀ×ᴡ 𓆩🖤𓆪",
  "berries": 3231327,
  "daily_streak": 3,
  "weekly_streak": 2,
  "favorite_waifu_id": 27,
  "waifus": [
    82,
    20,
    22,
    25,
    90,
    3,
    101,
    99,
    12,
    35,
    57,
    15,
    34,
    63,
    2,
    18,
    68,
    13,
    23,
    50,
    27,
    21
  ],
  "last_updated": "2025-12-07T05:20:26.212Z"
}