waifu_id,name,anime,rarity,image_file_id,price,is_locked,uploaded_by,created_at,last_updated
1,Nami,One Piece,14,AgACAgUAAyEFAATDOVlpAAIfzmkioGMN0IMdhdlPlp5VLuJ6IddoAAKgC2sbmX4ZVQvYr8-INyKvAQADAgADeQADNgQ,1200000,t,6245574035,2025-11-21 15:48:17.316,2025-11-23 16:21:21.322821
2,Roronoa Zoro,One Piece,4,AgACAgUAAxkBAAIPD2kgie8e-PAoiG1RrCek4NsAAY6MnwACRw1rG0EwCVUAAdrVDxHCEYEBAAMCAAN5AAM2BA,50000,f,6245574035,2025-11-21 15:49:42.564,2025-11-23 16:21:21.348049
3,Nakano itsuki,The Quintessential Quintuplets,3,AgACAgUAAxkBAAIPHWkgin-A5n7CZZUbJtC2gnAHLdskAAJLDWsbQTAJVW8k2aaMajFZAQADAgADeQADNgQ,40000,f,6245574035,2025-11-21 15:51:41.472,2025-11-23 16:21:21.372452
4,Hinata Tachibana,Tokyo revengers,11,AgACAgUAAyEFAATDOVlpAAIaJ2keuN1Xnhh8TNVs5VDHSDutEszeAALnC2sbZIT4VHoep4qQZ5qXAQADAgADeQADNgQ,800000,f,6245574035,2025-11-21 15:52:59.107,2025-11-23 16:21:21.388163
5,Hinata Tachibana,Tokyo revengers,11,AgACAgUAAyEFAATDOVlpAAIc2GkgcVjgBJWv1KwSz7AKJgSRLLkOAALLDGsbkTgBVfIcjhL9GOpfAQADAgADeQADNgQ,800000,f,6245574035,2025-11-21 15:53:16.16,2025-11-23 16:21:21.404221
6,Makima,Chainsaw man,11,AgACAgUAAyEFAATDOVlpAAId42khhR3I8uDehnzWp1SqZClhWLRDAAL0C2sbkTgJVcq0ThjLw1DfAQADAgADeQADNgQ,800000,f,6374911003,2025-11-22 09:40:51.421,2025-11-23 16:21:21.419601
7,Anna yanami,Too Many Losing Heroines,6,AgACAgUAAyEFAATDOVlpAAId7mkhhVRXhzNbHvGXPEfeGpUajJIxAAL1C2sbkTgJVfXRc5kJqnh-AQADAgADeQADNgQ,600000,f,6374911003,2025-11-22 09:41:47.1,2025-11-23 16:21:21.435182
8,Yuji itadori,Jujutsu kaisen,4,AgACAgUAAyEFAATDOVlpAAIeDmkhhuwN5M1ZzSDGD9-ymDZx7ep-AAL-C2sbkTgJVQMVzI-XurmgAQADAgADeQADNgQ,50000,f,6374911003,2025-11-22 09:48:34.964,2025-11-23 16:21:21.450541
9,Albedo,Overlord,10,AgACAgUAAyEFAATDOVlpAAIeEmkhiEgXw01gz-DyslWsVGrws4LLAAIDDGsbkTgJVckO1hClXgluAQADAgADeAADNgQ,700000,f,6374911003,2025-11-22 09:56:40.881,2025-11-23 16:21:21.471323
10,Boa Hancock,one piece,11,AgACAgUAAyEFAATDOVlpAAIeNWkhiKs20lyuu1Sf6tdQvPuMZwz4AAIGDGsbkTgJVaIVdBpBNmysAQADAgADeQADNgQ,800000,f,6245574035,2025-11-22 09:56:41.554,2025-11-23 16:21:21.486774
11,Marin kitagawa,My dress up darling,11,AgACAgUAAyEFAATDOVlpAAIeEWkhh5sQ6f_b-1QMSvLZQwWZWRTqAAMMaxuROAlVQUq5j7SeaZEBAAMCAAN5AAM2BA,800000,f,6374911003,2025-11-22 10:01:17.953,2025-11-23 16:21:21.502671
12,Ruka Sarashina,Rent A Girlfriend,4,AgACAgUAAyEFAATDOVlpAAIed2khiv5Tf1kjVbZ3gUxRC26m5UtEAAJWDGsbd0sIVeuN4VZeoUorAQADAgADeQADNgQ,50000,f,7215212687,2025-11-22 10:07:13.048,2025-11-23 16:21:21.517553
13,power,chainsaw man,5,AgACAgUAAxkBAAILkmkd3wQ2yCuotcBiGk_M5nof693HAAIEEmsbD13gVCrvqJ-tyt_IAQADAgADeQADNgQ,400000,f,8215101040,2025-11-21 14:51:11.059,2025-11-23 16:21:21.53266
14,Anna yamada,The danger in my heart,9,AgACAgUAAxkBAAILlGkd3wSsVs0XmVe2A01cd3xwBGJCAALNDGsbwwXJVBJCisbdKm3HAQADAgADeQADNgQ,400000,f,8215101040,2025-11-21 14:51:11.121,2025-11-23 16:21:21.547635
15,Gwen Tennyson,Ben 10,2,AgACAgUAAxkBAAILlWkd3wQbA2ggrhytTsS8P2wSLuw1AAJuDGsbmmPgVCMsRzVZW_5zAQADAgADeQADNgQ,20000,f,8215101040,2025-11-21 14:51:11.181,2025-11-23 16:21:21.562829
16,Yoruichi Shihouin,Bleach,1,AgACAgUAAxkBAAILlmkd3wRuYtiWMPIfWM5NaPv_gWwRAAIuDGsbMQK5VMMWVY9xw0RIAQADAgADeQADNgQ,20000,f,8215101040,2025-11-21 14:51:11.241,2025-11-23 16:21:21.579776
17,lauma,Genshin impact,9,AgACAgUAAxkBAAILl2kd3wQk4sjSInfu3eBoVaQwqTTxAAIkEmsbD13gVAZE56d0fYjHAQADAgADeQADNgQ,400000,f,8215101040,2025-11-21 14:51:11.301,2025-11-23 16:21:21.594833
18,Roronoa zoro,One piece,2,AgACAgUAAxkBAAILmGkd3wSAmRceLKUd5G5w14lWwU_TAAJrDGsbmmPgVKzvFcl40KH2AQADAgADeQADNgQ,20000,f,8215101040,2025-11-21 14:51:11.363,2025-11-23 16:21:21.609823
19,Kafka,Honkai:star rail,2,AgACAgUAAxkBAAILmWkd3wRZzEoV4YgNKEe5ZO1FtOy6AALZDGsbmmPgVJfvqytB8SpVAQADAgADeQADNgQ,20000,f,8215101040,2025-11-21 14:51:11.423,2025-11-23 16:21:21.624752
20,Naruto Uzumaki,Naruto Shippuden,4,AgACAgUAAxkDAAIQXmkiktCTRkVNX61kaBJ6f_v1RBlXAAJTDGsbE1nJVPOcwqm5b7SCAQADAgADeQADNgQ,50000,f,8215101040,2025-11-21 14:51:11.483,2025-11-23 16:21:21.639678
21,Mikasa Ackerman,Attack on Titan,1,AgACAgUAAxkBAAILm2kd3wTN4IHwwV64uk6T4cmpIl9mAALJDGsbmmPgVBCbZ4gWgxPbAQADAgADeQADNgQ,20000,f,8215101040,2025-11-21 14:51:11.543,2025-11-23 16:21:21.671998
22,Saitama,One punch man,1,AgACAgUAAxkBAAILnGkd3wRODthnOzh32sGzegnrQoGbAAKZC2sbCg_IVKEBIzJQyldbAQADAgADeQADNgQ,20000,f,8215101040,2025-11-21 14:51:11.604,2025-11-23 16:21:21.686754
23,Miyo Sasaki,A Whisker Away,4,AgACAgUAAxkBAAILnWkd3wTwgHJfwjuNRRyZm152mm5aAAIoC2sbImzpVIPneUvv73U1AQADAgADeQADNgQ,50000,f,8215101040,2025-11-21 14:51:11.664,2025-11-23 16:21:21.701566
24,Son goku,Dragon Ball,3,AgACAgUAAxkBAAILnmkd3wQJhHeV4t7AB8MSaAJL7IkQAAL9DWsbD13gVDTy50Ryx5K_AQADAgADeQADNgQ,40000,f,8215101040,2025-11-21 14:51:11.724,2025-11-23 16:21:21.71728
25,Rias Gremory,High School DxD,2,AgACAgUAAxkBAAILn2kd3wQcWuaiOhKnIhRj0vQMRF0SAALXDGsbmmPgVCEWq_DKE7I5AQADAgADeQADNgQ,20000,f,8215101040,2025-11-21 14:51:11.785,2025-11-23 16:21:21.732907
26,Gojo satoru,Jujutsu kaisen,6,AgACAgUAAxkBAAILoGkd3wQ8X0yy3djnR6Ks2aBP7AFrAALaDGsbmmPgVO94Xw8acEGtAQADAgADeQADNgQ,600000,f,8215101040,2025-11-21 14:51:11.845,2025-11-23 16:21:21.771998
27,The Rumbling,Attack On Titan,16,BAACAgUAAxkBAAILoWkd3wS_CkWqTrAPHURMYjZiF0qyAAIfGwAC3lTpVNpLYiUm-3TLNgQ,1400000,f,8215101040,2025-11-21 14:51:11.905,2025-11-23 16:21:21.786928
28,Vinsmoke Sanji,One Piece,9,AgACAgUAAxkBAAIL2Wkd4nXL-bZAQJsyk9kPU-ranQ-fAAIHDmsbJtzoVPiEMUE5sS5uAQADAgADeQADNgQ,400000,f,6245574035,2025-11-21 14:51:12.025,2025-11-23 16:21:21.801842
29,Alisa Mikhailovna Kujou,Alya Sometimes Hides Her Feelings in Russian,6,AgACAgUAAxkBAAIL5Gkd4wgnNfGV-topOdqy3tSAl1HeAAIJDmsbJtzoVC98tZRzk-nWAQADAgADeQADNgQ,600000,f,6245574035,2025-11-21 14:51:12.086,2025-11-23 16:21:21.816918
30,Sasuke uchiha,Naruto shippuden,8,AgACAgUAAyEFAATDOVlpAAIYIWkd4qmfthPXAj5AwkU1bSVwiio5AAK1C2sbZITwVPwZtRk4XnT3AQADAgADeAADNgQ,20000,f,6245574035,2025-11-21 14:51:12.146,2025-11-23 16:21:21.832465
31,Yor forger,Spy x family,4,AgACAgUAAyEFAATDOVlpAAIYQGkd5MR2HYAqQuWYpx4YRr_GdHPcAAJnC2sbZITwVGFEL16Y0BXOAQADAgADeQADNgQ,50000,f,6245574035,2025-11-21 14:51:12.206,2025-11-23 16:21:21.87244
32,Obito uchiha,Naruto shippuden,10,AgACAgUAAyEFAATDOVlpAAIYPGkd5BtTNCy9qYuxYQpbX7OBH6CmAAJkC2sbZITwVI3gS2eAGc71AQADAgADeAADNgQ,700000,f,6245574035,2025-11-21 14:51:12.267,2025-11-23 16:21:21.887823
33,Vegeta,Dragon Ball,6,AgACAgUAAyEFAATDOVlpAAIYRWkd5ROZ3piOekPXpBoSzusbwc9SAAJgC2sbZITwVJgG-KWr54W_AQADAgADeQADNgQ,600000,f,6245574035,2025-11-21 14:51:12.326,2025-11-23 16:21:21.902715
34,Tanjiro Kamado,Demon Slayer,4,AgACAgUAAyEFAATDOVlpAAIYP2kd5HPklY5Uy72p-gu1A4YxoerjAAJiC2sbZITwVKegNzsLv81nAQADAgADeQADNgQ,50000,f,6245574035,2025-11-21 14:51:12.386,2025-11-23 16:21:21.917927
35,Ichigo Kurosaki,Bleach,3,AgACAgUAAyEFAATDOVlpAAIYUmkd5Vv_UtIgiztRciLyD3TNOtPeAAJoC2sbZITwVLrr7n4mfO19AQADAgADeQADNgQ,40000,f,6374911003,2025-11-21 14:51:12.446,2025-11-23 16:21:21.933349
36,Monkey D. Luffy,One Piece,10,AgACAgUAAxkBAAIL-2kd5c6XKyUBB8QLd_m2Mll-FTUqAAIxDWsbSCvwVNHL6jn1k3sEAQADAgADeQADNgQ,700000,f,8215101040,2025-11-21 14:51:12.507,2025-11-23 16:21:21.948315
37,Hinata hyuga,Naruto,12,AgACAgUAAyEFAATDOVlpAAIYXWkd5ey8AT-oGtGUlmt9RpJyhEK8AAL6DWsbD13oVM6iLcA4mQgQAQADAgADeQADNgQ,900000,f,6374911003,2025-11-21 14:51:12.567,2025-11-23 16:21:21.964293
38,Ryomen sukuna,Jujutsu kaisen,10,AgACAgUAAyEFAATDOVlpAAIYNGkd49ugQFWTnt_FrIDu1AUns7sUAAKuC2sbZITwVMEMjyIs-c6CAQADAgADeAADNgQ,700000,f,6374911003,2025-11-21 14:51:12.627,2025-11-23 16:21:21.982181
39,Konan,Naruto Shippuden,16,BAACAgUAAxkBAAIJSWkd5kVt4-AjJYZ5HwSJLF1AVJUfAAL8GAAC3lThVMK9IS1L4cFDNgQ,1400000,f,6245574035,2025-11-21 14:51:12.687,2025-11-23 16:21:22.003365
40,Son Goku,Dragon Ball Z,16,BAACAgUAAyEFAATDOVlpAAIWwWkd5motHppoVTeJKbdM7IeK-pgNAAJuFgACZITwVMzjZFiiuBFANgQ,1400000,f,6245574035,2025-11-21 14:51:12.747,2025-11-23 16:21:22.020223
41,Taki & Mitsuha,Your name,8,AgACAgUAAyEFAATDOVlpAAIYZ2kd5qBtxnwl79il-nXJFz0GPkYVAALvC2sbZITwVOslQp_dKmjcAQADAgADeQADNgQ,20000,f,6374911003,2025-11-21 14:51:12.807,2025-11-23 16:21:22.073797
42,Guts,Berserk,8,AgACAgUAAyEFAATDOVlpAAIYamkd5u-E4BAp0M9_SeUsXBL1LA1wAAJpC2sbZITwVHJWRnT2fk98AQADAgADeQADNgQ,20000,f,6374911003,2025-11-21 14:51:12.868,2025-11-23 16:21:22.089244
43,Shinobu kocho,Demon Slayer,6,AgACAgUAAyEFAATDOVlpAAIYbWkd5zWYBi7ojmFQod2iEQujwVL9AALEDGsbmmPgVAa6jQKE0y54AQADAgADeQADNgQ,600000,f,6374911003,2025-11-21 14:51:12.928,2025-11-23 16:21:22.10576
44,Tatsumaki,One punch man,2,AgACAgUAAyEFAATDOVlpAAIYcmkd58TP36yLdSlwmUG8HwaKR0JeAAJnDGsbmmPgVBtXi9EXunWIAQADAgADeQADNgQ,20000,f,6374911003,2025-11-21 14:51:12.988,2025-11-23 16:21:22.123363
45,Monkey D. luffy,One piece,4,AgACAgUAAyEFAATDOVlpAAIYd2kd6AWzIMK3cVl54Bxef9NAYY1hAAKKDGsbD13gVFirbOaeQBYNAQADAgADeQADNgQ,50000,f,6374911003,2025-11-21 14:51:11.965,2025-11-23 16:21:22.173229
46,Sung jinwoo,Solo leveling,4,AgACAgUAAyEFAATDOVlpAAIYemkd6CRR25A0tEtBSvq_GMBmdDnkAAKWC2sbYbfZVBUmExBqDsVOAQADAgADeQADNgQ,50000,f,6374911003,2025-11-21 14:51:13.048,2025-11-23 16:21:22.188391
47,Sung jinwoo,Solo leveling,4,AgACAgUAAyEFAATDOVlpAAIYfWkd6EoQpFS79xTWA_bIkGhrknqAAAIeC2sbE1nZVOmTbGOkULhyAQADAgADeQADNgQ,50000,f,6374911003,2025-11-21 14:51:13.108,2025-11-23 16:21:22.203297
48,Nami,One piece,9,AgACAgUAAyEFAATDOVlpAAIYgGkd6G_aFEKq23XrnC96Pxt_N3GaAALVDGsbmmPgVJYV4_ByUl3tAQADAgADeQADNgQ,400000,f,6374911003,2025-11-21 14:51:13.168,2025-11-23 16:21:22.218928
49,Mahiru Shiina,The Angel Next Door Spoils Me Rotten,9,AgACAgUAAyEFAATDOVlpAAIYkWkd6M7VGzdLl3CjUYuQ_JL_BTzSAAI8DGsbCg_AVAjuekr-K5zHAQADAgADeQADNgQ,400000,f,6374911003,2025-11-21 14:51:13.23,2025-11-23 16:21:22.234072
50,Raiden Shogun,Genshin impact,4,AgACAgUAAyEFAATDOVlpAAIYlGkd6P08QKDpYVFkMJeDseHKpUxVAAKsC2sbCg_IVENYMQxlYBPkAQADAgADeQADNgQ,50000,f,6374911003,2025-11-21 14:51:13.289,2025-11-23 16:21:22.249414
51,Alisa Mikhailovna Kujou,Alya Sometimes Hides Her Feelings in Russian,11,AgACAgUAAyEFAATDOVlpAAIYl2kd6TkRiI4-DcAj-_A6DS3hYfd4AAJlC2sbZITwVGI4Khr8DzDeAQADAgADeQADNgQ,800000,f,6374911003,2025-11-21 14:51:13.41,2025-11-23 16:21:22.272172
52,Killua Zoldyck,Hunter x hunter,4,AgACAgUAAyEFAATDOVlpAAIZMGkepAh-TVXz475awzQMjN8GEnU8AAKwC2sbZIT4VMH0-9T7ll9AAQADAgADeQADNgQ,50000,f,6374911003,2025-11-21 14:51:13.35,2025-11-23 16:21:22.287235
53,Giyu Tomioka,Demon Slayer,9,AgACAgUAAyEFAATDOVlpAAIZNmkepFJfQC6CZ-SIOEFbFS3GMaXyAAKyC2sbZIT4VA6dmiZbTi2PAQADAgADeQADNgQ,400000,f,6374911003,2025-11-21 14:51:13.471,2025-11-23 16:21:22.302269
54,Raiden Shogun [🏀],Genshin impact,9,AgACAgUAAyEFAATDOVlpAAIZQmkepPG0mqRe7U-66Of_ili3EaUkAAKzC2sbZIT4VE3jIw6gssz4AQADAgADeQADNgQ,400000,f,6374911003,2025-11-21 14:51:13.531,2025-11-23 16:21:22.319141
55,Yor forger,Spy x family,4,AgACAgUAAyEFAATDOVlpAAIZS2kepTUwD2-QLDXTcEgOwotm3lv5AAK0C2sbZIT4VG86ehGFPWI0AQADAgADeQADNgQ,50000,f,6374911003,2025-11-21 14:51:13.591,2025-11-23 16:21:22.334184
56,Acheron,Honkai:star rail,9,AgACAgUAAyEFAATDOVlpAAIZUWkepbZDS9Y5MJVqbXzr_Fvnq7jvAAK4C2sbZIT4VHzI3l7iu2dUAQADAgADeQADNgQ,400000,f,6374911003,2025-11-21 14:51:13.651,2025-11-23 16:21:22.353051
57,Rem,Re:zero,4,AgACAgUAAyEFAATDOVlpAAIZVWkepd93Z5BFm0z4ZGKCsCPgt6vyAAKpDWsbdyS5VFsU4XROC4idAQADAgADeQADNgQ,50000,f,6374911003,2025-11-21 14:51:13.712,2025-11-23 16:21:22.368959
58,Jin Sakai,Ghost of Tsushima,8,AgACAgUAAyEFAATDOVlpAAIZW2kepkuwu-aK_Xx1E7miJ8u3TxulAAK6C2sbZIT4VD8dzM9scTjJAQADAgADeQADNgQ,20000,f,6374911003,2025-11-21 14:51:13.774,2025-11-23 16:21:22.38452
59,Yor forger,Spy x family,11,AgACAgUAAyEFAATDOVlpAAIZi2kesXlsdRzHUCec3YboxUvBTd8tAALIC2sbZIT4VPRZb2bSuv31AQADAgADeQADNgQ,800000,f,6374911003,2025-11-21 14:51:13.834,2025-11-23 16:21:22.399355
60,Kafka,Honkai:star rail,11,AgACAgUAAyEFAATDOVlpAAIZiWkesKQ32WPGBPGxKOa0ZsBVAAFPswACxwtrG2SE-FRHf8Z-wj7iBgEAAwIAA3kAAzYE,800000,f,6374911003,2025-11-21 14:51:13.893,2025-11-23 16:21:22.41453
61,Mitsuri Kanroji,Demon Slayer,4,AgACAgUAAyEFAATDOVlpAAIZlmkesgmAbFXz2LN35QNz750nmLMvAALLC2sbZIT4VIJ5Vzv22FW0AQADAgADeQADNgQ,50000,f,6374911003,2025-11-21 14:51:13.953,2025-11-23 16:21:22.429346
62,Rukia Kuchiki,Bleach,6,AgACAgUAAyEFAATDOVlpAAIZoGkesogVNUhrJVCJXn7r_fevgISOAALMC2sbZIT4VMUGluxHdrFhAQADAgADeQADNgQ,600000,f,6374911003,2025-11-21 14:51:14.015,2025-11-23 16:21:22.444743
63,Konan,Naruto shippuden,5,AgACAgUAAyEFAATDOVlpAAIZvWkes_UdBFmugfKNp_6UFx7FksP1AALQC2sbZIT4VDaaJk5h855cAQADAgADeQADNgQ,400000,f,6374911003,2025-11-21 14:51:14.075,2025-11-23 16:21:22.471271
64,Boa Hancock,One piece,14,AgACAgUAAyEFAATDOVlpAAIZuGkes3By4KR2yd3veeJfxlag9nU2AALNC2sbZIT4VG8zhK8hr17_AQADAgADeQADNgQ,1200000,f,6374911003,2025-11-21 14:51:14.136,2025-11-23 16:21:22.486736
65,Rukia Kuchiki,Bleach,6,AgACAgUAAyEFAATDOVlpAAIZw2ketFkEAAHO8lfCeApu2S2WPAfWWQAC0QtrG2SE-FT39e8Ms9-WLgEAAwIAA3kAAzYE,600000,f,6374911003,2025-11-21 14:51:14.196,2025-11-23 16:21:22.503152
66,Konan,Naruto shippuden,5,AgACAgUAAyEFAATDOVlpAAIZxmketKHBoGx_wneV_JCFSpGopRmcAALUC2sbZIT4VJBJcYKHnZIVAQADAgADeQADNgQ,400000,f,6374911003,2025-11-21 14:51:14.256,2025-11-23 16:21:22.518214
67,Tsunade senju,Naruto,5,AgACAgUAAyEFAATDOVlpAAIZyWketNjbIpoBHOFuf2owRaEJDfMIAALVC2sbZIT4VLpT5txeUjvNAQADAgADeQADNgQ,400000,f,6374911003,2025-11-21 14:51:14.316,2025-11-23 16:21:22.533
68,Boa Hancock,One piece,7,AgACAgUAAyEFAATDOVlpAAIZzGketT94VaXZGMoXEbiUTEz2BIblAALZC2sbZIT4VL1vEv04SwTWAQADAgADeQADNgQ,300000,f,6374911003,2025-11-21 14:51:14.376,2025-11-23 16:21:22.547717
69,Lust,Fullmetal Alchemist,7,AgACAgUAAyEFAATDOVlpAAIZ02ketd9E3goishbh3DpgPscvfJivAALbC2sbZIT4VDwAAQ9qSBRUPwEAAwIAA3kAAzYE,300000,f,6374911003,2025-11-21 14:51:14.436,2025-11-23 16:21:22.562255
70,Lust,Fullmetal Alchemist,7,AgACAgUAAyEFAATDOVlpAAIZ32ketkTu7gty22B37mXocblj27UlAALcC2sbZIT4VOTOQaaNcwUwAQADAgADeQADNgQ,300000,f,6374911003,2025-11-21 14:51:14.496,2025-11-23 16:21:22.577292
71,Kafka,Honkai:star rail,7,AgACAgUAAyEFAATDOVlpAAIZ52ketpfQzxJX5deM4lm3dEY-S_NkAALdC2sbZIT4VGrUVz8XxxLDAQADAgADeQADNgQ,300000,f,6374911003,2025-11-21 14:51:14.556,2025-11-23 16:21:22.592188
72,Furina,Genshin impact,7,AgACAgUAAyEFAATDOVlpAAIaBWket8Kz72wyI3RNf68VSgZSy2NJAAIUDGsb8f3xVNWX5DE1nzKpAQADAgADeQADNgQ,300000,f,6374911003,2025-11-21 14:51:14.617,2025-11-23 16:21:22.606991
73,Hinata Tachibana,Tokyo revengers,11,AgACAgUAAyEFAATDOVlpAAIaHmkeuIqMkOpkYDpautJXmZva9hUWAAIVDGsb8f3xVDnIsKTzZAWJAQADAgADeQADNgQ,800000,f,6374911003,2025-11-21 14:51:14.677,2025-11-23 16:21:22.621748
74,Hinata Tachibana,Tokyo revengers,9,AgACAgUAAyEFAATDOVlpAAIaJ2keuN1Xnhh8TNVs5VDHSDutEszeAALnC2sbZIT4VHoep4qQZ5qXAQADAgADeQADNgQ,400000,f,6374911003,2025-11-21 14:51:14.737,2025-11-23 16:21:22.63691
75,Sanemi Shinazugawa,Demon Slayer,9,AgACAgUAAyEFAATDOVlpAAIe6Wkhvvehh5upF6x7--fN5aIQ4AZvAALkC2sbmX4RVWl56jYZwi9gAQADAgADeQADNgQ,400000,f,6245574035,2025-11-22 14:45:39.439,2025-11-23 16:21:22.651812
76,Akeno himejima,High school dxd,11,AgACAgUAAyEFAATDOVlpAAIeA2khhgABev9mmZEDLoApLHv8lrxbOwAC-gtrG5E4CVXahThK0VG51AEAAwIAA3kAAzYE,800000,f,6245574035,2025-11-22 14:45:51.292,2025-11-23 16:21:22.666666
77,Kyojuro Rengoku,Demon Slayer,9,AgACAgUAAyEFAATDOVlpAAIfcmkil2cIE0f50p8KnxkPGp9kwbI8AAKXC2sbmX4ZVf0eVaHFjlTZAQADAgADeQADNgQ,400000,f,6374911003,2025-11-23 05:25:31.877,2025-11-23 16:21:22.681807
78,Makima,Chainsaw Man,14,AgACAgUAAyEFAATDOVlpAAIfoWkinpGHXEp7oP2sY4AIGH0T3x1rAAIVC2sbCg_QVLE5Snv7lgNMAQADAgADeQADNgQ,1200000,f,8195158525,2025-11-23 05:44:27.217,2025-11-23 16:21:22.696409
79,Kurumi,Date a live,11,AgACAgUAAyEFAATDOVlpAAIfZWkijknEKSelnSqrlqESlS3Et-CeAAKJC2sbmX4ZVebA6ikngwPWAQADAgADeQADNgQ,800000,f,6353553958,2025-11-23 05:44:51.436,2025-11-23 16:21:22.711224
80,Levi Ackerman,Attack on Titan,9,AgACAgUAAyEFAATDOVlpAAIfgGkinF8cYcPpxrvH_vJTs280Jj7qAAKbC2sbmX4ZVXUSmCYvBZaNAQADAgADeQADNgQ,400000,f,6374911003,2025-11-23 05:44:53.693,2025-11-23 16:21:22.726278
81,goku,Dragon Ball,4,AgACAgUAAyEFAATDOVlpAAIeu2kioLoLCII0W7kF4Eu80S4Z8xl-AAIRDGsbkTgJVVSQbdC8fsARAQADAgADeQADNgQ,50000,f,7215212687,2025-11-23 05:50:50.476,2025-11-23 16:21:22.741361
82,Emilia,ReZero,4,AgACAgUAAyEFAATDOVlpAAIeoGkioMg9xxtV2wqjpTDw9INVw2u7AAIkC2sbAZgAAVWzYdsX_FWi4gEAAwIAA3kAAzYE,50000,f,7215212687,2025-11-23 05:51:05.233,2025-11-23 16:21:22.756499
83,Kafka,Honkai:Star Rail,11,AgACAgUAAyEFAATDOVlpAAIf-2kioSU8_DzBJJ9FsVeoavoB6LbpAAJPC2sbRDPhVDRNfn204z_yAQADAgADeQADNgQ,800000,f,7215212687,2025-11-23 05:56:35.804,2025-11-23 16:21:22.771838
84,Citlali,Genshin Impact,9,AgACAgUAAyEFAATDOVlpAAIhB2kio8yBG8X5ixigbafq_FLpJrMDAAKrC2sbmX4ZVZ4Wv78cDZtDAQADAgADeQADNgQ,400000,f,7215212687,2025-11-23 06:05:49.865,2025-11-23 16:21:22.786957
85,Guts,Berserk,8,AgACAgUAAyEFAATDOVlpAAIhFWkio-quibHRA1RvehIRraAIrxXkAAKsC2sbmX4ZVSunhRHJnHS3AQADAgADeQADNgQ,20000,f,7215212687,2025-11-23 06:07:27.715,2025-11-23 16:21:22.802129
86,Gun Park,Lookism,2,AgACAgUAAyEFAATDOVlpAAIhfWkipYu-gIFV_lah14XcUZmVlO_uAAKwC2sbmX4ZVSOs4DqehmjxAQADAgADeQADNgQ,20000,f,7215212687,2025-11-23 06:11:33.825,2025-11-23 16:21:22.817051
87,Erza scarlet [🏀],Fairy tail,9,AgACAgUAAyEFAATDOVlpAAIhs2kipyrz4LpSjA5UIObPELOVKV7lAAKyC2sbmX4ZVdC-xeC8WYLjAQADAgADeQADNgQ,400000,f,6374911003,2025-11-23 08:39:30.23,2025-11-23 16:21:22.831937
88,Gun Park,Lookism,4,AgACAgUAAyEFAATDOVlpAAIh3mkiqGkezirQVFJPlSUCUqFRnwpNAAK0C2sbmX4ZVbUF8PZ7KAFOAQADAgADeQADNgQ,50000,f,7215212687,2025-11-23 08:39:30.799,2025-11-23 16:21:22.846788
89,Bulma,Dragon Ball z,6,AgACAgUAAyEFAATDOVlpAAIiCGkiru2d8XJ-0-7HJuCL1ohxnwsyAALFC2sbmX4ZVZlUIAABgM5QlwEAAwIAA3kAAzYE,600000,f,6374911003,2025-11-23 08:39:31.282,2025-11-23 16:21:22.862333
90,Sesshoumaru,Inuyasha,3,AgACAgUAAyEFAATDOVlpAAIiFGkir8XUPd1D2XzcGqrtr0KhdgR2AALHC2sbmX4ZVY8Lu8a1nnIAAQEAAwIAA3kAAzYE,40000,f,6374911003,2025-11-23 08:39:31.331,2025-11-23 16:21:22.877836
91,Rias gremory,High school dxd,7,AgACAgUAAyEFAATDOVlpAAIiGWkitYbjzy6Kxnq8Rn68CJ8_UonNAALNC2sbmX4ZVXW9ae8AARL89QEAAwIAA3kAAzYE,300000,f,6374911003,2025-11-23 09:21:40.689,2025-11-23 16:21:22.893402
92,Rias gremory,High school dxd,7,AgACAgUAAyEFAATDOVlpAAIiHWkivsDtO7pycdMakX1z2zPMd4S-AALZC2sbmX4ZVbqm95NkZ5sHAQADAgADeQADNgQ,300000,f,6374911003,2025-11-23 09:21:50.731,2025-11-23 16:21:22.908281
93,Monkey D. Luffy,One piece,4,AgACAgUAAyEFAATDOVlpAAIiK2kiyDCIlK3Du4ouDtjU7NmvdlY1AALvC2sbmX4ZVT2rPlmClOn5AQADAgADeQADNgQ,50000,f,6374911003,2025-11-23 09:22:53.317,2025-11-23 16:21:22.923162
94,Eren Yeager,Attack on Titan,9,AgACAgUAAxkBAAISOmki6GnpqB576FW4Qk-5DTV44rBOAAJgC2sbGs0YVd4cw4kFceqpAQADAgADeQADNgQ,400000,f,8215101040,2025-11-23 10:56:44.978,2025-11-23 16:21:22.938753
95,Makima,Chainsaw man,9,AgACAgUAAxkBAAISPWki6HZXWTVrEfJtJxgIoZLhl91bAAIEDGsbYRcRVbrJclMyHaBiAQADAgADeQADNgQ,400000,f,8215101040,2025-11-23 10:57:58.104,2025-11-23 16:21:22.953567
96,Yor Forger,Spy x Family,4,AgACAgUAAxkBAAISR2ki6PqNyooooP2EcbLyJ16W41KcAAIGDGsbYRcRVcbNFigkH64AAQEAAwIAA3kAAzYE,50000,f,8215101040,2025-11-23 10:59:58.532,2025-11-23 16:21:22.972639
97,Citali,Genshin Impact,5,AgACAgUAAxkBAAISTWki6bbh6xgDb-Zp9d5S6CoWsImVAAKNDGsbRA0ZVUfSdhwxtldbAQADAgADeQADNgQ,400000,f,6245574035,2025-11-23 13:09:35.144,2025-11-23 16:21:22.987676
98,2b yorha,NieR: Automata Ver1.1a,11,AgACAgUAAxkBAAISVmkjB6kAARioAAFWguc4BcMJCHkQJo8AAg4NaxtEDRlVHEl_KfvmFR4BAAMCAAN5AAM2BA,800000,f,6245574035,2025-11-23 13:27:13.739,2025-11-23 16:21:23.003734
99,Ryomen sukuna,Jujutsu kaisen,4,AgACAgUAAyEFAATDOVlpAAIi12ki-g0s3eKLZ31Y4xVXjdR3bF9oAAK6DGsbmX4ZVd5Sj7dkO3tDAQADAgADeQADNgQ,50000,f,6374911003,2025-11-23 13:31:07.793,2025-11-23 16:21:23.01879
100,Erika Amano,A couple of cuckoos,3,AgACAgUAAyEFAATDOVlpAAIi4GkjDDmpe2Hr7okUP7FRmvLQCfZdAAKGDWsbmX4ZVa5oKXgLZLv8AQADAgADeQADNgQ,40000,f,6374911003,2025-11-23 13:31:29.431,2025-11-23 16:21:23.03389
101,Moon knight,Marvel,4,AgACAgUAAyEFAATDOVlpAAIh8mkiqVZBSt3DLyGB0gxTSn9K-HJ-AAK6C2sbmX4ZVfzl0pPrswIkAQADAgADeAADNgQ,50000,f,6374911003,2025-11-23 14:01:14.939,2025-11-23 16:21:23.049051
103,Suzume iwato,Suzume no tojimari,8,AgACAgUAAyEFAATDOVlpAAIjb2kj6xcomttr63FVzguQU00osesZAAJpDGsbUN8gVUSXrhZHUNY-AQADAgADeQADNgQ,20000,f,6245574035,2025-11-24 10:09:33.896081,2025-11-24 10:09:33.896081
104,Captain America,Marvel,4,AgACAgUAAxkBAAIUpmkjTleKlrh1iTgbYAyQ83grHttLAAKtDWsbRA0ZVXxvq8s1apfTAQADAgADeQADNgQ,50000,f,6245574035,2025-11-24 10:12:38.244299,2025-11-24 10:12:38.244299
105,rias gremory,High school dxd,9,AgACAgUAAyEFAATDOVlpAAIkJWkkONple0nNDK_pZ6Yyg6UxhCA3AAL9C2sbUN8oVXP06LxPk0iiAQADAgADeQADNgQ,400000,f,6353553958,2025-11-24 10:52:15.685772,2025-11-24 10:52:15.685772
106,Zenitsu Agatsuna,Demon Slayer,10,AgACAgUAAyEFAATDOVlpAAIkNWkkRPpEOKWScbdL2IJ6VAe7oXafAAIPDGsbUN8oVUCV2Gvb34MDAQADAgADeQADNgQ,700000,f,6374911003,2025-11-24 11:43:15.308266,2025-11-24 11:43:15.308266
107,Yumeko Jabami [🚔],Kakegurui,9,AgACAgUAAyEFAATDOVlpAAIjSWkj2Ll1HDJm5cQsS6cDatM1ROVFAAI1DGsbUN8gVffgaavOLkw_AQADAgADeQADNgQ,400000,f,6374911003,2025-11-24 11:46:24.015274,2025-11-24 11:46:24.015274
108,Roronoa zoro,One piece,4,AgACAgUAAyEFAATDOVlpAAIjYmkj36QTzBEQv4R8i06TEIHhGzkvAAJFDGsbUN8gVSWq50iw0a4qAQADAgADeQADNgQ,50000,f,6374911003,2025-11-24 11:46:37.930857,2025-11-24 11:46:37.930857
109,Toga himiko,My hero academia,4,AgACAgUAAyEFAATDOVlpAAIkMGkkRObkfP4vvshak1TnAAHob2LIlAACDgxrG1DfKFU4be-COAQntgEAAwIAA3kAAzYE,50000,f,6374911003,2025-11-24 11:46:52.726187,2025-11-24 11:46:52.726187
110,Osaragi [🚔],Sakamoto days,9,AgACAgUAAyEFAATDOVlpAAIjamkj5K-_ij9C3EGksfo9b3baCA0NAAJQDGsbUN8gVRd_h99nybY7AQADAgADeQADNgQ,400000,f,6374911003,2025-11-24 11:47:48.52129,2025-11-24 11:47:48.52129
111,Gun Park,Lookism,8,AgACAgUAAyEFAATDOVlpAAIix2ki4YKGYKhJage3nGGYA-tiyjDtAAJDDGsbmX4ZVV1fVwuIlXTnAQADAgADeQADNgQ,20000,f,7215212687,2025-11-24 13:07:45.831145,2025-11-24 13:07:45.831145
112,Itachi Uchiha,Naruto Shippuden,4,AgACAgUAAxkBAAIW42kkaVMxRqHYxaN851IjhM8hjFrbAAJ5C2sbEJ8pVfcHytlSxNVsAQADAgADeAADNgQ,50000,f,6245574035,2025-11-24 13:11:34.073282,2025-11-24 13:11:34.073282
